{"cameraMode":{"drawMode":0,"name":"Shaded","section":"Shading Mode"},"sceneLighting":false,"audioPlay":false,"sceneViewState":{"m_AlwaysRefresh":false,"showFog":true,"showSkybox":false,"showFlares":true,"showImageEffects":true,"showParticleSystems":true,"showVisualEffectGraphs":true,"m_FxEnabled":true},"in2DMode":false,"pivot":{"x":11.736711502075196,"y":0.03418871760368347,"z":-3.4297027587890627},"rotation":{"x":0.16143572330474854,"y":0.7611839771270752,"z":-0.2072327435016632,"w":0.5929576754570007},"size":0.3797161281108856,"orthographic":false}