{"cameraMode":{"drawMode":0,"name":"Shaded","section":"Shading Mode"},"sceneLighting":false,"audioPlay":false,"sceneViewState":{"m_AlwaysRefresh":false,"showFog":true,"showSkybox":false,"showFlares":true,"showImageEffects":true,"showParticleSystems":true,"showVisualEffectGraphs":true,"m_FxEnabled":true},"in2DMode":false,"pivot":{"x":-0.1637999713420868,"y":-0.7650278806686401,"z":-0.8653212785720825},"rotation":{"x":-0.0575842559337616,"y":0.9375759363174439,"z":-0.18841226398944856,"w":-0.28664344549179079},"size":0.46732020378112795,"orthographic":false}