{"cameraMode":{"drawMode":0,"name":"Shaded","section":"Shading Mode"},"sceneLighting":false,"audioPlay":false,"sceneViewState":{"m_AlwaysRefresh":false,"showFog":true,"showSkybox":false,"showFlares":true,"showImageEffects":true,"showParticleSystems":true,"showVisualEffectGraphs":true,"m_FxEnabled":true},"in2DMode":false,"pivot":{"x":0.027758657932281495,"y":0.08281347155570984,"z":0.028035461902618409},"rotation":{"x":0.2039320468902588,"y":0.37116608023643496,"z":-0.0838434249162674,"w":0.9020698666572571},"size":0.20819948613643647,"orthographic":false}